"testId","testDate","age","personality","testScore","ID"
9015,"9/19/2024",28,"Introvert",71.7,1
9016,"9/19/2024",17,"Introvert",64.9,2
9017,"9/19/2024",26,"Introvert",75.7,3
9018,"9/19/2024",43,"Introvert",73.5,4
9019,"9/19/2024",45,"Extrovert",72.1,5
9020,"9/19/2024",34,"Extrovert",62.7,6
9021,"9/19/2024",43,"Extrovert",78,7
9022,"9/19/2024",19,"Introvert",75.5,8
9023,"9/19/2024",54,"Extrovert",72.3,9
9024,"9/19/2024",21,"Introvert",56.9,10
9025,"9/19/2024",47,"Extrovert",78.8,11
9026,"9/19/2024",40,"Introvert",83.2,12
9027,"9/19/2024",56,"Introvert",58.1,13
9028,"9/19/2024",27,"Introvert",79.5,14
9029,"9/19/2024",52,"Introvert",54,15
9030,"9/19/2024",31,"Introvert",58.4,16
9031,"9/19/2024",34,"Extrovert",54.6,17
9032,"9/19/2024",53,"Introvert",66.4,18
9033,"9/19/2024",31,"Extrovert",64.8,19
9034,"9/19/2024",46,"Introvert",55.6,20
9035,"9/19/2024",57,"Introvert",72.6,21
9036,"9/19/2024",16,"Extrovert",64.3,22
9037,"9/19/2024",26,"Introvert",62.6,23
9038,"9/19/2024",25,"Introvert",69.5,24
9039,"9/19/2024",41,"Extrovert",59.2,25
9040,"9/19/2024",34,"Introvert",76.8,26
9041,"9/19/2024",23,"Extrovert",61.1,27
9042,"9/19/2024",44,"Extrovert",78.4,28
9043,"9/19/2024",34,"Introvert",83.3,29
9044,"9/19/2024",49,"Introvert",71.6,30
9045,"9/19/2024",36,"Extrovert",49.6,31
9046,"9/19/2024",35,"Introvert",76.9,32
9047,"9/19/2024",54,"Introvert",69.7,33
9048,"9/19/2024",58,"Introvert",95.9,34
9049,"9/19/2024",55,"Introvert",71.9,35
9050,"9/20/2024",42,"Introvert",68.4,36
9051,"9/20/2024",52,"Introvert",79,37
9052,"9/20/2024",52,"Introvert",63.1,38
9053,"9/20/2024",32,"Introvert",65.6,39
9054,"9/20/2024",59,"Extrovert",68,40
9055,"9/20/2024",32,"Introvert",75.8,41
9056,"9/20/2024",50,"Introvert",27,42
9057,"9/20/2024",29,"Introvert",76.5,43
9058,"9/20/2024",42,"Introvert",84.7,44
9059,"9/20/2024",28,"Introvert",87.7,45
9060,"9/20/2024",30,"Extrovert",45.8,46
9061,"9/20/2024",44,"Extrovert",100,47
9062,"9/20/2024",54,"Introvert",49.5,48
9063,"9/20/2024",23,"Extrovert",76.5,49
9064,"9/20/2024",60,"Introvert",62.8,50
9065,"9/20/2024",32,"Extrovert",71.2,51
9066,"9/20/2024",28,"Extrovert",55.8,52
9067,"9/20/2024",26,"Introvert",69,53
9068,"9/20/2024",58,"Introvert",70.9,54
9069,"9/20/2024",16,"Introvert",66.5,55
9070,"9/20/2024",33,"Extrovert",56.6,56
9071,"9/20/2024",20,"Introvert",74.4,57
9072,"9/20/2024",22,"Introvert",60.4,58
9073,"9/20/2024",24,"Introvert",71.2,59
9074,"9/20/2024",26,"Introvert",55,60
9075,"9/20/2024",27,"Extrovert",96.1,61
9076,"9/20/2024",34,"Introvert",50.3,62
9077,"9/20/2024",33,"Extrovert",61.7,63
9078,"9/20/2024",58,"Extrovert",87,64
9079,"9/20/2024",44,"Introvert",63.7,65
9080,"9/20/2024",24,"Introvert",71.4,66
9081,"9/20/2024",17,"Extrovert",62.1,67
9082,"9/20/2024",22,"Introvert",54.5,68
9083,"9/20/2024",30,"Extrovert",76.6,69
9084,"9/20/2024",22,"Introvert",67.3,70
9085,"9/20/2024",18,"Extrovert",61.7,71
9086,"9/20/2024",21,"Extrovert",67.2,72
9087,"9/20/2024",30,"Introvert",57.2,73
9088,"9/20/2024",46,"Introvert",82.1,74
9089,"9/20/2024",20,"Extrovert",62,75
9090,"9/20/2024",35,"Extrovert",65,76
9091,"9/20/2024",39,"Introvert",56.1,77
9092,"9/20/2024",53,"Introvert",67.3,78
9093,"9/20/2024",26,"Introvert",56,79
9094,"9/20/2024",39,"Introvert",57.5,80
9095,"9/20/2024",57,"Extrovert",68.2,81
9096,"9/21/2024",51,"Introvert",70.5,82
9097,"9/21/2024",36,"Extrovert",66.9,83
9098,"9/21/2024",46,"Introvert",75.7,84
9099,"9/21/2024",47,"Extrovert",65.6,85
9100,"9/21/2024",34,"Introvert",74.2,86
9101,"9/21/2024",35,"Introvert",79.4,87
9102,"9/21/2024",30,"Extrovert",84.9,88
9103,"9/21/2024",47,"Extrovert",82.2,89
9104,"9/21/2024",58,"Introvert",72.3,90
9105,"9/21/2024",29,"Extrovert",64.9,91
9106,"9/21/2024",50,"Extrovert",59.8,92
9107,"9/21/2024",31,"Introvert",81.6,93
9108,"9/21/2024",22,"Introvert",78.8,94
9109,"9/21/2024",31,"Introvert",71.5,95
9110,"9/21/2024",37,"Extrovert",42.6,96
9111,"9/21/2024",59,"Introvert",72,97
9112,"9/21/2024",37,"Introvert",67.6,98
9113,"9/21/2024",60,"Introvert",44.1,99
9114,"9/21/2024",24,"Extrovert",86.1,100
9115,"9/21/2024",40,"Extrovert",63.7,101
9116,"9/21/2024",27,"Introvert",71.4,102
9117,"9/21/2024",21,"Extrovert",74.4,103
9118,"9/21/2024",18,"Extrovert",59.3,104
9119,"9/21/2024",45,"Extrovert",79.3,105
9120,"9/21/2024",28,"Extrovert",90.8,106
9121,"9/21/2024",43,"Extrovert",65.3,107
9122,"9/21/2024",23,"Extrovert",85.3,108
9123,"9/21/2024",58,"Extrovert",66.4,109
9124,"9/21/2024",23,"Extrovert",77.9,110
9125,"9/21/2024",56,"Introvert",82.8,111
9126,"9/21/2024",20,"Introvert",61.6,112
9127,"9/21/2024",35,"Introvert",79.2,113
9128,"9/21/2024",43,"Introvert",73.2,114
9129,"9/21/2024",29,"Introvert",89.1,115
9130,"9/21/2024",56,"Introvert",69.5,116
9131,"9/21/2024",36,"Introvert",75.4,117
9132,"9/21/2024",24,"Introvert",50.7,118
9133,"9/21/2024",58,"Extrovert",66.1,119
9134,"9/21/2024",38,"Introvert",93.2,120
9135,"9/21/2024",39,"Introvert",66.8,121
9136,"9/21/2024",22,"Introvert",56.7,122
9137,"9/21/2024",40,"Introvert",83.9,123
9138,"9/21/2024",46,"Introvert",82.6,124
9139,"9/21/2024",21,"Extrovert",71.9,125
9140,"9/21/2024",43,"Extrovert",86.3,126
9141,"9/21/2024",38,"Introvert",73.7,127
9142,"9/22/2024",28,"Introvert",59.5,128
9143,"9/22/2024",44,"Introvert",59.9,129
9144,"9/22/2024",60,"Extrovert",72.7,130
9145,"9/22/2024",53,"Introvert",78,131
9146,"9/22/2024",39,"Introvert",77.6,132
9147,"9/22/2024",32,"Introvert",51.7,133
9148,"9/22/2024",26,"Introvert",77.8,134
9149,"9/22/2024",47,"Introvert",58.2,135
9150,"9/22/2024",33,"Introvert",59.7,136
9151,"9/22/2024",47,"Introvert",60.7,137
9152,"9/22/2024",56,"Extrovert",75.9,138
9153,"9/22/2024",38,"Introvert",79.4,139
9154,"9/22/2024",55,"Introvert",63.3,140
9155,"9/22/2024",49,"Extrovert",84.6,141
9156,"9/22/2024",33,"Extrovert",62.3,142
9157,"9/22/2024",32,"Introvert",77.7,143
9158,"9/22/2024",44,"Introvert",63.4,144
9159,"9/22/2024",26,"Introvert",62.5,145
9160,"9/22/2024",30,"Introvert",61.5,146
9161,"9/22/2024",52,"Extrovert",63.7,147
9162,"9/22/2024",33,"Introvert",65,148
9163,"9/22/2024",57,"Extrovert",56.6,149
9164,"9/22/2024",56,"Extrovert",66.6,150
9165,"9/22/2024",29,"Extrovert",78.4,151
9166,"9/22/2024",49,"Introvert",75.7,152
9167,"9/22/2024",49,"Introvert",73.7,153
9168,"9/22/2024",57,"Extrovert",67.6,154
9169,"9/22/2024",28,"Introvert",64.9,155
9170,"9/22/2024",23,"Extrovert",59.5,156
9171,"9/22/2024",28,"Introvert",68.7,157
9172,"9/22/2024",17,"Introvert",54.8,158
9173,"9/22/2024",42,"Introvert",78.6,159
9174,"9/22/2024",28,"Extrovert",81.9,160
9175,"9/22/2024",25,"Introvert",69.4,161
9176,"9/22/2024",30,"Extrovert",74.5,162
9177,"9/22/2024",23,"Extrovert",74.4,163
9178,"9/22/2024",47,"Introvert",50.9,164
9179,"9/22/2024",48,"Extrovert",77.7,165
9180,"9/22/2024",59,"Introvert",69.9,166
9181,"9/22/2024",16,"Extrovert",73.4,167
9182,"9/22/2024",18,"Extrovert",67,168
9183,"9/22/2024",43,"Extrovert",54.9,169
9184,"9/22/2024",40,"Introvert",52.7,170
9185,"9/22/2024",21,"Extrovert",67.5,171
9186,"9/22/2024",33,"Extrovert",73.5,172
9187,"9/23/2024",37,"Introvert",62.8,173
9188,"9/23/2024",43,"Extrovert",78.4,174
9189,"9/23/2024",55,"Extrovert",88,175
9190,"9/23/2024",40,"Introvert",62,176
9191,"9/23/2024",43,"Extrovert",67.4,177
9192,"9/23/2024",21,"Introvert",73.4,178
9193,"9/23/2024",25,"Extrovert",52.8,179
9194,"9/23/2024",56,"Extrovert",68.2,180
9195,"9/23/2024",32,"Extrovert",68.7,181
9196,"9/23/2024",33,"Introvert",53.9,182
9197,"9/23/2024",26,"Introvert",83,183
9198,"9/23/2024",32,"Introvert",64.7,184
9199,"9/23/2024",39,"Introvert",49.7,185
9200,"9/23/2024",31,"Introvert",85,186
9201,"9/23/2024",52,"Introvert",63.5,187
9202,"9/23/2024",45,"Extrovert",79.6,188
9203,"9/23/2024",51,"Extrovert",100,189
9204,"9/23/2024",58,"Extrovert",55.8,190
9205,"9/23/2024",26,"Introvert",86.7,191
9206,"9/23/2024",39,"Introvert",69.8,192
9207,"9/23/2024",59,"Introvert",59.4,193
9208,"9/23/2024",27,"Extrovert",63.2,194
9209,"9/23/2024",27,"Extrovert",72.4,195
9210,"9/23/2024",30,"Introvert",76.2,196
9211,"9/23/2024",46,"Introvert",58.2,197
9212,"9/23/2024",58,"Extrovert",70.1,198
9213,"9/23/2024",33,"Introvert",73.1,199
9214,"9/23/2024",36,"Introvert",80.4,200
9215,"9/23/2024",26,"Extrovert",94.1,201
9216,"9/23/2024",22,"Introvert",100,202
9217,"9/23/2024",31,"Extrovert",67.4,203
9218,"9/23/2024",27,"Introvert",91.8,204
9219,"9/23/2024",51,"Extrovert",80.6,205
9220,"9/23/2024",23,"Extrovert",49.2,206
9221,"9/23/2024",29,"Introvert",67.1,207
9222,"9/23/2024",29,"Introvert",79.4,208
9223,"9/23/2024",50,"Introvert",74.7,209
9224,"9/23/2024",24,"Introvert",78.7,210
9225,"9/23/2024",53,"Extrovert",79.5,211
9226,"9/23/2024",24,"Introvert",63.2,212
9227,"9/23/2024",55,"Extrovert",49.2,213
9228,"9/23/2024",30,"Extrovert",70.1,214
9229,"9/23/2024",27,"Extrovert",60.1,215
9230,"9/23/2024",48,"Introvert",82.1,216
9231,"9/23/2024",25,"Introvert",45.9,217
9232,"9/23/2024",50,"Extrovert",70.2,218
9233,"9/24/2024",58,"Extrovert",70.8,219
9234,"9/24/2024",26,"Extrovert",77.9,220
9235,"9/24/2024",50,"Extrovert",86.4,221
9236,"9/24/2024",30,"Extrovert",66.8,222
9237,"9/24/2024",59,"Introvert",27.3,223
9238,"9/24/2024",23,"Introvert",60.2,224
9239,"9/24/2024",42,"Extrovert",62,225
9240,"9/24/2024",39,"Introvert",94.8,226
9241,"9/24/2024",49,"Introvert",80.7,227
9242,"9/24/2024",20,"Extrovert",74.7,228
9243,"9/24/2024",24,"Extrovert",57.8,229
9244,"9/24/2024",21,"Introvert",76.7,230
9245,"9/24/2024",23,"Introvert",76.4,231
9246,"9/24/2024",41,"Introvert",45.8,232
9247,"9/24/2024",37,"Extrovert",71.3,233
9248,"9/24/2024",35,"Introvert",89.9,234
9249,"9/24/2024",39,"Introvert",58.1,235
9250,"9/24/2024",40,"Introvert",71.4,236
9251,"9/24/2024",60,"Introvert",73.2,237
9252,"9/24/2024",39,"Introvert",51.3,238
9253,"9/24/2024",21,"Extrovert",51.6,239
9254,"9/24/2024",41,"Extrovert",48,240
9255,"9/24/2024",41,"Introvert",48.6,241
9256,"9/24/2024",25,"Introvert",76.2,242
9257,"9/24/2024",40,"Extrovert",79.2,243
9258,"9/24/2024",28,"Extrovert",50.3,244
9259,"9/24/2024",39,"Introvert",72,245
9260,"9/24/2024",54,"Introvert",65.4,246
9261,"9/24/2024",24,"Extrovert",46,247
9262,"9/24/2024",55,"Extrovert",72.1,248
9263,"9/25/2024",40,"Extrovert",64.2,249
9264,"9/25/2024",21,"Extrovert",62.4,250
9265,"9/25/2024",53,"Extrovert",82.3,251
9266,"9/25/2024",28,"Extrovert",98.7,252
9267,"9/25/2024",38,"Introvert",82.6,253
9268,"9/25/2024",58,"Introvert",78.5,254
9269,"9/25/2024",59,"Extrovert",66.2,255
9270,"9/25/2024",50,"Introvert",80.4,256
9271,"9/25/2024",18,"Introvert",37.3,257
9272,"9/25/2024",52,"Introvert",76.1,258
9273,"9/25/2024",22,"Introvert",69.9,259
9274,"9/25/2024",26,"Introvert",87.7,260
9275,"9/25/2024",37,"Extrovert",74.8,261
9276,"9/25/2024",50,"Extrovert",76.2,262
9277,"9/25/2024",19,"Extrovert",47.7,263
9278,"9/25/2024",49,"Introvert",80.5,264
9279,"9/25/2024",31,"Introvert",79.4,265
9280,"9/25/2024",60,"Introvert",42.1,266
9281,"9/25/2024",54,"Extrovert",69.6,267
9282,"9/25/2024",28,"Introvert",73.5,268
9283,"9/25/2024",37,"Introvert",71.8,269
9284,"9/25/2024",36,"Introvert",72.2,270
9285,"9/25/2024",23,"Introvert",72.9,271
9286,"9/25/2024",25,"Introvert",95.4,272
9287,"9/25/2024",48,"Introvert",62.3,273
9288,"9/25/2024",50,"Introvert",70.7,274
9289,"9/25/2024",50,"Extrovert",69.5,275
9290,"9/25/2024",59,"Extrovert",60.9,276
9291,"9/25/2024",59,"Introvert",76,277
9292,"9/25/2024",42,"Introvert",43.7,278
9293,"9/25/2024",30,"Introvert",62.6,279
9294,"9/25/2024",32,"Introvert",79,280
9295,"9/26/2024",60,"Extrovert",44.5,281
9296,"9/26/2024",31,"Introvert",69.3,282
9297,"9/26/2024",52,"Extrovert",66.6,283
9298,"9/26/2024",60,"Introvert",73.2,284
9299,"9/26/2024",23,"Extrovert",56,285
9300,"9/26/2024",17,"Introvert",55.9,286
9301,"9/26/2024",53,"Introvert",40.8,287
9302,"9/26/2024",30,"Introvert",55.4,288
9303,"9/26/2024",20,"Introvert",75.1,289
9304,"9/26/2024",57,"Introvert",44.8,290
9305,"9/26/2024",57,"Introvert",91.8,291
9306,"9/26/2024",16,"Introvert",50.6,292
9307,"9/26/2024",19,"Introvert",64.1,293
9308,"9/26/2024",27,"Introvert",63,294
9309,"9/26/2024",24,"Introvert",90.2,295
9310,"9/26/2024",28,"Introvert",71,296
9311,"9/26/2024",39,"Introvert",69,297
9312,"9/26/2024",51,"Introvert",70.1,298
9313,"9/26/2024",37,"Introvert",55.2,299
9314,"9/26/2024",60,"Extrovert",53.5,300
9315,"9/26/2024",19,"Introvert",70.5,301
9316,"9/26/2024",51,"Introvert",60.4,302
9317,"9/26/2024",37,"Introvert",66.5,303
9318,"9/26/2024",18,"Introvert",85.9,304
9319,"9/26/2024",49,"Extrovert",68.2,305
9320,"9/26/2024",42,"Extrovert",69,306
9321,"9/26/2024",60,"Extrovert",85.1,307
9322,"9/26/2024",28,"Extrovert",72.6,308
9323,"9/26/2024",41,"Introvert",62.3,309
9324,"9/26/2024",57,"Extrovert",73.2,310
9325,"9/26/2024",57,"Introvert",75.1,311
9326,"9/27/2024",28,"Extrovert",83.9,312
9327,"9/27/2024",27,"Extrovert",64.7,313
9328,"9/27/2024",44,"Extrovert",62.8,314
9329,"9/27/2024",32,"Introvert",70.6,315
9330,"9/27/2024",38,"Extrovert",79.4,316
9331,"9/27/2024",34,"Introvert",85.3,317
9332,"9/27/2024",48,"Extrovert",59.3,318
9333,"9/27/2024",19,"Introvert",52.8,319
9334,"9/27/2024",41,"Extrovert",73.3,320
9335,"9/27/2024",16,"Introvert",68.1,321
9336,"9/27/2024",52,"Introvert",64.3,322
9337,"9/27/2024",34,"Introvert",74.1,323
9338,"9/27/2024",26,"Introvert",85.5,324
9339,"9/27/2024",57,"Extrovert",64.1,325
9340,"9/27/2024",49,"Extrovert",83.3,326
9341,"9/27/2024",53,"Extrovert",99.2,327
9342,"9/27/2024",22,"Introvert",60.2,328
9343,"9/27/2024",60,"Extrovert",61.1,329
9344,"9/27/2024",28,"Extrovert",62.4,330
9345,"9/27/2024",59,"Introvert",51.1,331
9346,"9/27/2024",49,"Extrovert",71.5,332
9347,"9/27/2024",23,"Extrovert",76.6,333
9348,"9/27/2024",39,"Introvert",72.6,334
9349,"9/27/2024",39,"Extrovert",59.5,335
9350,"9/27/2024",40,"Extrovert",72.5,336
9351,"9/27/2024",46,"Introvert",75.4,337
9352,"9/27/2024",46,"Introvert",81.8,338
9353,"9/27/2024",17,"Introvert",75.5,339
9354,"9/27/2024",17,"Introvert",76.7,340
9355,"9/27/2024",54,"Extrovert",73,341
9356,"9/27/2024",16,"Introvert",76.5,342
9357,"9/27/2024",27,"Extrovert",77.3,343
9358,"9/27/2024",57,"Extrovert",69.8,344
9359,"9/27/2024",18,"Extrovert",59.4,345
9360,"9/27/2024",34,"Introvert",97.5,346
9361,"9/27/2024",38,"Extrovert",80.5,347
9362,"9/27/2024",41,"Introvert",58,348
9363,"9/27/2024",18,"Introvert",78.2,349
9364,"9/27/2024",59,"Introvert",67.6,350
9365,"9/27/2024",54,"Introvert",85.7,351
9366,"9/27/2024",36,"Extrovert",63.3,352
9367,"9/27/2024",36,"Extrovert",58.5,353
9368,"9/28/2024",17,"Introvert",89.5,354
9369,"9/28/2024",57,"Introvert",89.9,355
9370,"9/28/2024",52,"Extrovert",72.3,356
9371,"9/28/2024",45,"Introvert",66.9,357
9372,"9/28/2024",35,"Extrovert",65.6,358
9373,"9/28/2024",46,"Introvert",67.2,359
9374,"9/28/2024",36,"Introvert",66.3,360
9375,"9/28/2024",60,"Introvert",82.8,361
9376,"9/28/2024",41,"Extrovert",85.1,362
9377,"9/28/2024",45,"Extrovert",96.4,363
9378,"9/28/2024",58,"Introvert",50.7,364
9379,"9/28/2024",56,"Introvert",58.6,365
9380,"9/28/2024",59,"Introvert",60,366
9381,"9/28/2024",17,"Introvert",74.3,367
9382,"9/28/2024",59,"Extrovert",80.7,368
9383,"9/28/2024",20,"Extrovert",77.6,369
9384,"9/28/2024",38,"Introvert",71.7,370
9385,"9/28/2024",39,"Introvert",73.6,371
9386,"9/28/2024",34,"Extrovert",52.9,372
9387,"9/28/2024",41,"Extrovert",77,373
9388,"9/28/2024",58,"Introvert",69.2,374
9389,"9/28/2024",20,"Introvert",67.1,375
9390,"9/28/2024",37,"Introvert",62.8,376
9391,"9/28/2024",44,"Introvert",80.4,377
9392,"9/28/2024",55,"Extrovert",57.4,378
9393,"9/28/2024",35,"Extrovert",72.5,379
9394,"9/28/2024",23,"Extrovert",100,380
9395,"9/28/2024",30,"Introvert",78.4,381
9396,"9/28/2024",56,"Introvert",68.4,382
9397,"9/28/2024",42,"Introvert",72,383
9398,"9/29/2024",56,"Introvert",78.3,384
9399,"9/29/2024",55,"Extrovert",72.9,385
9400,"9/29/2024",57,"Introvert",60.6,386
9401,"9/29/2024",52,"Extrovert",65.7,387
9402,"9/29/2024",59,"Extrovert",87.8,388
9403,"9/29/2024",43,"Introvert",63.7,389
9404,"9/29/2024",32,"Introvert",85.3,390
9405,"9/29/2024",46,"Introvert",58.1,391
9406,"9/29/2024",19,"Introvert",82.4,392
9407,"9/29/2024",47,"Extrovert",78.3,393
9408,"9/29/2024",46,"Introvert",80.7,394
9409,"9/29/2024",33,"Extrovert",76.3,395
9410,"9/29/2024",41,"Introvert",71.3,396
9411,"9/29/2024",43,"Introvert",88.1,397
9412,"9/29/2024",32,"Extrovert",58.1,398
9413,"9/29/2024",22,"Introvert",56.1,399
9414,"9/29/2024",59,"Extrovert",56.5,400
9415,"9/29/2024",44,"Introvert",61.3,401
9416,"9/29/2024",59,"Introvert",55.2,402
9417,"9/29/2024",53,"Introvert",65.5,403
9418,"9/29/2024",33,"Introvert",46,404
9419,"9/29/2024",46,"Extrovert",58.8,405
9420,"9/29/2024",27,"Extrovert",65.8,406
9421,"9/29/2024",17,"Extrovert",87.9,407
9422,"9/29/2024",48,"Introvert",54.3,408
9423,"9/29/2024",60,"Extrovert",60.7,409
9424,"9/29/2024",53,"Introvert",70.1,410
9425,"9/29/2024",53,"Extrovert",65.8,411
9426,"9/29/2024",46,"Extrovert",85.8,412
9427,"9/29/2024",19,"Extrovert",89,413
9428,"9/29/2024",49,"Extrovert",69.4,414
9429,"9/29/2024",53,"Introvert",65.2,415
9430,"9/29/2024",53,"Extrovert",70.3,416
9431,"9/29/2024",50,"Introvert",68.5,417
9432,"9/29/2024",49,"Introvert",68.3,418
9433,"9/29/2024",46,"Introvert",78.7,419
9434,"9/29/2024",51,"Extrovert",90.4,420
9435,"9/29/2024",39,"Introvert",62.7,421
9436,"9/29/2024",43,"Introvert",81.9,422
9437,"9/29/2024",51,"Introvert",57,423
9438,"9/30/2024",53,"Introvert",53.9,424
9439,"9/30/2024",38,"Extrovert",66,425
9440,"9/30/2024",49,"Extrovert",68.9,426
9441,"9/30/2024",25,"Extrovert",60.7,427
9442,"9/30/2024",29,"Extrovert",61,428
9443,"9/30/2024",58,"Extrovert",57,429
9444,"9/30/2024",44,"Introvert",77.2,430
9445,"9/30/2024",22,"Extrovert",53.7,431
9446,"9/30/2024",16,"Introvert",70,432
9447,"9/30/2024",50,"Introvert",57.8,433
9448,"9/30/2024",26,"Extrovert",46.9,434
9449,"9/30/2024",53,"Extrovert",72.2,435
9450,"9/30/2024",42,"Introvert",82.6,436
9451,"9/30/2024",23,"Introvert",74.1,437
9452,"9/30/2024",35,"Extrovert",66,438
9453,"9/30/2024",50,"Introvert",60.4,439
9454,"9/30/2024",56,"Extrovert",74.9,440
9455,"9/30/2024",19,"Introvert",53.6,441
9456,"9/30/2024",19,"Extrovert",91,442
9457,"9/30/2024",16,"Extrovert",73.9,443
9458,"9/30/2024",43,"Extrovert",85.8,444
9459,"9/30/2024",36,"Extrovert",68.4,445
9460,"9/30/2024",28,"Extrovert",81.1,446
9461,"9/30/2024",21,"Introvert",69.2,447
9462,"9/30/2024",22,"Introvert",71.7,448
9463,"9/30/2024",22,"Introvert",65.2,449
9464,"9/30/2024",56,"Introvert",70.4,450
9465,"9/30/2024",30,"Introvert",46.1,451
9466,"9/30/2024",33,"Extrovert",49.1,452
9467,"9/30/2024",21,"Introvert",72.5,453
9468,"9/30/2024",49,"Introvert",68.2,454
9469,"9/30/2024",45,"Introvert",77.6,455
9470,"9/30/2024",33,"Introvert",74.2,456
9471,"9/30/2024",20,"Extrovert",75.5,457
9472,"10/1/2024",39,"Extrovert",76.9,458
9473,"10/1/2024",45,"Introvert",75.7,459
9474,"10/1/2024",57,"Introvert",78.5,460
9475,"10/1/2024",25,"Introvert",56.7,461
9476,"10/1/2024",34,"Introvert",89.9,462
9477,"10/1/2024",25,"Introvert",63.2,463
9478,"10/1/2024",58,"Introvert",60.8,464
9479,"10/1/2024",51,"Introvert",68.3,465
9480,"10/1/2024",31,"Introvert",71,466
9481,"10/1/2024",42,"Introvert",53.2,467
9482,"10/1/2024",55,"Extrovert",79,468
9483,"10/1/2024",49,"Extrovert",52.9,469
9484,"10/1/2024",50,"Introvert",40.2,470
9485,"10/1/2024",17,"Introvert",72.7,471
9486,"10/1/2024",44,"Extrovert",62.5,472
9487,"10/1/2024",51,"Introvert",51.8,473
9488,"10/1/2024",48,"Extrovert",58.2,474
9489,"10/1/2024",16,"Extrovert",67.4,475
9490,"10/1/2024",49,"Introvert",76.9,476
9491,"10/1/2024",26,"Extrovert",77.7,477
9492,"10/1/2024",45,"Extrovert",79.3,478
9493,"10/1/2024",19,"Extrovert",75.9,479
9494,"10/1/2024",59,"Introvert",71.5,480
9495,"10/1/2024",38,"Introvert",81.5,481
9496,"10/1/2024",45,"Introvert",86.4,482
9497,"10/1/2024",53,"Introvert",81.1,483
9498,"10/1/2024",18,"Introvert",59.6,484
9499,"10/1/2024",34,"Introvert",72.1,485
9500,"10/1/2024",43,"Extrovert",88.2,486
9501,"10/1/2024",23,"Introvert",85.8,487
9502,"10/1/2024",30,"Extrovert",60.1,488
9503,"10/1/2024",58,"Extrovert",74.7,489
9504,"10/1/2024",43,"Introvert",84.4,490
9505,"10/1/2024",18,"Introvert",95.5,491
9506,"10/1/2024",38,"Extrovert",53.6,492
9507,"10/1/2024",19,"Extrovert",73.2,493
9508,"10/1/2024",17,"Introvert",71.3,494
9509,"10/1/2024",49,"Introvert",50.8,495
9510,"10/2/2024",21,"Extrovert",66.4,496
9511,"10/2/2024",44,"Introvert",59.3,497
9512,"10/2/2024",50,"Introvert",70.3,498
9513,"10/2/2024",39,"Introvert",60.2,499
9514,"10/2/2024",37,"Introvert",71.4,500
9515,"10/2/2024",39,"Introvert",84.4,501
9516,"10/2/2024",39,"Introvert",52.4,502
9517,"10/2/2024",55,"Extrovert",82.1,503
9518,"10/2/2024",41,"Extrovert",72.4,504
9519,"10/2/2024",50,"Introvert",53.1,505
9520,"10/2/2024",27,"Extrovert",65.2,506
9521,"10/2/2024",28,"Extrovert",67.2,507
9522,"10/2/2024",38,"Extrovert",84.5,508
9523,"10/2/2024",35,"Extrovert",71.6,509
9524,"10/2/2024",43,"Introvert",55.5,510
9525,"10/2/2024",39,"Introvert",44.1,511
9526,"10/2/2024",17,"Extrovert",64.9,512
9527,"10/2/2024",46,"Introvert",70.1,513
9528,"10/2/2024",35,"Introvert",46.1,514
9529,"10/2/2024",44,"Introvert",55.8,515
9530,"10/2/2024",30,"Extrovert",34.4,516
9531,"10/2/2024",34,"Introvert",78.9,517
9532,"10/2/2024",60,"Introvert",87.6,518
9533,"10/2/2024",49,"Introvert",81.6,519
9534,"10/2/2024",30,"Extrovert",73.7,520
9535,"10/2/2024",38,"Introvert",94.1,521
9536,"10/2/2024",41,"Introvert",86.8,522
9537,"10/2/2024",54,"Introvert",75.8,523
9538,"10/2/2024",52,"Introvert",69.1,524
9539,"10/2/2024",18,"Extrovert",70.5,525
9540,"10/2/2024",42,"Introvert",66,526
9541,"10/3/2024",55,"Extrovert",86.8,527
9542,"10/3/2024",47,"Introvert",100,528
9543,"10/3/2024",57,"Introvert",76.7,529
9544,"10/3/2024",16,"Introvert",72.7,530
9545,"10/3/2024",22,"Introvert",55,531
9546,"10/3/2024",20,"Introvert",77.2,532
9547,"10/3/2024",48,"Introvert",67.6,533
9548,"10/3/2024",50,"Introvert",88.8,534
9549,"10/3/2024",16,"Introvert",63.7,535
9550,"10/3/2024",56,"Extrovert",76.9,536
9551,"10/3/2024",37,"Introvert",77.1,537
9552,"10/3/2024",18,"Introvert",51.9,538
9553,"10/3/2024",37,"Introvert",90.9,539
9554,"10/3/2024",49,"Introvert",90.9,540
9555,"10/3/2024",40,"Introvert",59.5,541
9556,"10/3/2024",21,"Extrovert",53.9,542
9557,"10/3/2024",58,"Extrovert",67.4,543
9558,"10/3/2024",39,"Introvert",55.6,544
9559,"10/3/2024",33,"Extrovert",76.8,545
9560,"10/3/2024",32,"Introvert",65,546
9561,"10/3/2024",18,"Introvert",57,547
9562,"10/3/2024",19,"Extrovert",58,548
9563,"10/3/2024",46,"Introvert",60.2,549
9564,"10/3/2024",49,"Extrovert",63.6,550
9565,"10/3/2024",44,"Introvert",65.7,551
9566,"10/3/2024",32,"Introvert",89.7,552
9567,"10/3/2024",42,"Introvert",60.3,553
9568,"10/3/2024",46,"Introvert",60.8,554
9569,"10/3/2024",38,"Extrovert",65.5,555
9570,"10/3/2024",27,"Introvert",42.9,556
9571,"10/3/2024",33,"Introvert",68.5,557
9572,"10/3/2024",52,"Extrovert",74.7,558
9573,"10/4/2024",31,"Introvert",67.4,559
9574,"10/4/2024",54,"Introvert",63.3,560
9575,"10/4/2024",16,"Introvert",88.7,561
9576,"10/4/2024",51,"Introvert",63.7,562
9577,"10/4/2024",28,"Extrovert",60.3,563
9578,"10/4/2024",22,"Extrovert",63.1,564
9579,"10/4/2024",46,"Introvert",68.8,565
9580,"10/4/2024",17,"Introvert",84.6,566
9581,"10/4/2024",59,"Introvert",66.6,567
9582,"10/4/2024",52,"Introvert",78.3,568
9583,"10/4/2024",45,"Extrovert",70.7,569
9584,"10/4/2024",52,"Extrovert",57.5,570
9585,"10/4/2024",52,"Introvert",100,571
9586,"10/4/2024",25,"Extrovert",62,572
9587,"10/4/2024",33,"Introvert",59.9,573
9588,"10/4/2024",34,"Introvert",80.5,574
9589,"10/4/2024",32,"Introvert",63,575
9590,"10/4/2024",18,"Introvert",80.9,576
9591,"10/4/2024",55,"Introvert",60.3,577
9592,"10/4/2024",33,"Introvert",77.7,578
9593,"10/4/2024",60,"Introvert",63.5,579
9594,"10/4/2024",22,"Extrovert",62.1,580
9595,"10/4/2024",39,"Extrovert",95.1,581
9596,"10/4/2024",56,"Extrovert",72.2,582
9597,"10/4/2024",33,"Introvert",75.5,583
9598,"10/4/2024",16,"Introvert",68.1,584
9599,"10/4/2024",54,"Introvert",78.1,585
9600,"10/4/2024",31,"Introvert",66.6,586
9601,"10/4/2024",29,"Introvert",70.6,587
9602,"10/4/2024",48,"Introvert",78.5,588
9603,"10/4/2024",59,"Introvert",79.6,589
9604,"10/4/2024",27,"Extrovert",54.5,590
9605,"10/4/2024",18,"Introvert",56.8,591
9606,"10/5/2024",42,"Introvert",57.2,592
9607,"10/5/2024",43,"Introvert",61.7,593
9608,"10/5/2024",54,"Introvert",87.8,594
9609,"10/5/2024",17,"Introvert",65.1,595
9610,"10/5/2024",23,"Extrovert",54.6,596
9611,"10/5/2024",37,"Extrovert",57.9,597
9612,"10/5/2024",59,"Introvert",58.9,598
9613,"10/5/2024",40,"Introvert",87.6,599
9614,"10/5/2024",29,"Introvert",75.7,600
9615,"10/5/2024",50,"Extrovert",65.7,601
9616,"10/5/2024",45,"Extrovert",68.6,602
9617,"10/5/2024",49,"Introvert",68.8,603
9618,"10/5/2024",60,"Extrovert",68.6,604
9619,"10/5/2024",37,"Introvert",100,605
9620,"10/5/2024",58,"Extrovert",83.2,606
9621,"10/5/2024",21,"Extrovert",50.4,607
9622,"10/5/2024",53,"Introvert",56.2,608
9623,"10/5/2024",50,"Introvert",75.9,609
9624,"10/5/2024",21,"Introvert",65.2,610
9625,"10/5/2024",43,"Introvert",82,611
9626,"10/5/2024",33,"Introvert",84.6,612
9627,"10/5/2024",18,"Extrovert",76.2,613
9628,"10/5/2024",45,"Extrovert",79.9,614
9629,"10/5/2024",48,"Introvert",72,615
9630,"10/5/2024",51,"Extrovert",60.1,616
9631,"10/5/2024",22,"Extrovert",85,617
9632,"10/5/2024",50,"Introvert",77.4,618
9633,"10/5/2024",47,"Extrovert",69.4,619
9634,"10/5/2024",58,"Introvert",82.2,620
9635,"10/5/2024",35,"Introvert",77.9,621
9636,"10/5/2024",34,"Introvert",64.5,622
9637,"10/5/2024",34,"Introvert",84.6,623
9638,"10/5/2024",17,"Introvert",83.7,624
9639,"10/5/2024",18,"Extrovert",89,625
9640,"10/5/2024",56,"Extrovert",82.9,626
9641,"10/5/2024",44,"Introvert",70.6,627
9642,"10/5/2024",40,"Extrovert",75.1,628
9643,"10/5/2024",46,"Introvert",65.8,629
9644,"10/5/2024",57,"Introvert",67,630
9645,"10/5/2024",39,"Introvert",85.4,631
9646,"10/6/2024",37,"Extrovert",65,632
9647,"10/6/2024",30,"Extrovert",60.8,633
9648,"10/6/2024",45,"Introvert",71.2,634
9649,"10/6/2024",58,"Extrovert",63.7,635
9650,"10/6/2024",38,"Introvert",72.3,636
9651,"10/6/2024",59,"Extrovert",59.1,637
9652,"10/6/2024",41,"Introvert",63.5,638
9653,"10/6/2024",34,"Introvert",61.1,639
9654,"10/6/2024",18,"Extrovert",78.8,640
9655,"10/6/2024",35,"Extrovert",42.4,641
9656,"10/6/2024",34,"Introvert",89.5,642
9657,"10/6/2024",29,"Introvert",74.5,643
9658,"10/6/2024",54,"Extrovert",62.5,644
9659,"10/6/2024",48,"Introvert",65.3,645
9660,"10/6/2024",27,"Introvert",89.7,646
9661,"10/6/2024",30,"Extrovert",86.8,647
9662,"10/6/2024",52,"Extrovert",65.3,648
9663,"10/6/2024",30,"Introvert",58.5,649
9664,"10/6/2024",34,"Extrovert",80.3,650
9665,"10/6/2024",20,"Introvert",72,651
9666,"10/6/2024",24,"Extrovert",77.6,652
9667,"10/6/2024",18,"Extrovert",86.3,653
9668,"10/6/2024",59,"Introvert",56.4,654
9669,"10/6/2024",38,"Introvert",75.7,655
9670,"10/6/2024",55,"Extrovert",80.2,656
9671,"10/6/2024",41,"Introvert",53.3,657
9672,"10/6/2024",25,"Introvert",74.1,658
9673,"10/6/2024",42,"Extrovert",68.8,659
9674,"10/6/2024",32,"Introvert",73.8,660
9675,"10/6/2024",57,"Introvert",75,661
9676,"10/6/2024",16,"Introvert",76,662
9677,"10/6/2024",18,"Extrovert",77.4,663
9678,"10/6/2024",48,"Introvert",69.6,664
9679,"10/6/2024",53,"Introvert",59.6,665
9680,"10/6/2024",47,"Introvert",73.2,666
9681,"10/6/2024",20,"Introvert",66.9,667
9682,"10/6/2024",53,"Introvert",61.2,668
9683,"10/6/2024",44,"Introvert",84.9,669
9684,"10/6/2024",18,"Introvert",61.9,670
9685,"10/6/2024",21,"Introvert",79.4,671
9686,"10/6/2024",50,"Extrovert",38.6,672
9687,"10/6/2024",23,"Extrovert",59.9,673
9688,"10/6/2024",45,"Extrovert",84,674
9689,"10/7/2024",48,"Introvert",56.7,675
9690,"10/7/2024",39,"Extrovert",64.3,676
9691,"10/7/2024",21,"Introvert",82.4,677
9692,"10/7/2024",57,"Introvert",86.9,678
9693,"10/7/2024",32,"Introvert",78.4,679
9694,"10/7/2024",47,"Introvert",77.1,680
9695,"10/7/2024",60,"Introvert",76.4,681
9696,"10/7/2024",42,"Extrovert",70.5,682
9697,"10/7/2024",24,"Extrovert",61,683
9698,"10/7/2024",56,"Extrovert",66.8,684
9699,"10/7/2024",25,"Introvert",75.8,685
9700,"10/7/2024",29,"Introvert",72.9,686
9701,"10/7/2024",35,"Introvert",75.1,687
9702,"10/7/2024",40,"Extrovert",61.8,688
9703,"10/7/2024",54,"Extrovert",94.8,689
9704,"10/7/2024",31,"Extrovert",76.4,690
9705,"10/7/2024",40,"Introvert",77.7,691
9706,"10/7/2024",45,"Extrovert",54.8,692
9707,"10/7/2024",45,"Introvert",60.2,693
9708,"10/7/2024",57,"Introvert",93.2,694
9709,"10/7/2024",43,"Introvert",62,695
9710,"10/7/2024",42,"Extrovert",55.1,696
9711,"10/7/2024",30,"Introvert",75.2,697
9712,"10/8/2024",45,"Introvert",67.5,698
9713,"10/8/2024",49,"Introvert",89.7,699
9714,"10/8/2024",22,"Extrovert",71.7,700
9715,"10/8/2024",39,"Extrovert",44.6,701
9716,"10/8/2024",28,"Introvert",61.9,702
9717,"10/8/2024",44,"Introvert",67,703
9718,"10/8/2024",18,"Introvert",76.7,704
9719,"10/8/2024",40,"Extrovert",65.3,705
9720,"10/8/2024",42,"Extrovert",50.5,706
9721,"10/8/2024",49,"Introvert",68.5,707
9722,"10/8/2024",46,"Extrovert",77.4,708
9723,"10/8/2024",17,"Introvert",72,709
9724,"10/8/2024",29,"Introvert",82.1,710
9725,"10/8/2024",33,"Introvert",63.7,711
9726,"10/8/2024",24,"Introvert",76.9,712
9727,"10/8/2024",44,"Introvert",58.4,713
9728,"10/8/2024",21,"Introvert",59.5,714
9729,"10/8/2024",29,"Introvert",78.1,715
9730,"10/8/2024",28,"Introvert",81.8,716
9731,"10/8/2024",43,"Introvert",52.6,717
9732,"10/8/2024",60,"Extrovert",58.4,718
9733,"10/8/2024",20,"Introvert",85.6,719
9734,"10/8/2024",25,"Introvert",72.2,720
9735,"10/8/2024",16,"Extrovert",57.7,721
9736,"10/8/2024",35,"Extrovert",89,722
9737,"10/8/2024",41,"Extrovert",61.9,723
9738,"10/8/2024",59,"Introvert",72,724
9739,"10/8/2024",24,"Extrovert",73.5,725
9740,"10/8/2024",40,"Introvert",86.2,726
9741,"10/8/2024",46,"Introvert",77.5,727
9742,"10/8/2024",57,"Extrovert",79.6,728
9743,"10/8/2024",21,"Extrovert",67.8,729
9744,"10/8/2024",55,"Introvert",63.7,730
9745,"10/8/2024",30,"Extrovert",63.6,731
9746,"10/8/2024",49,"Extrovert",61.9,732
9747,"10/8/2024",38,"Extrovert",61.3,733
9748,"10/8/2024",26,"Extrovert",68.6,734
9749,"10/8/2024",58,"Introvert",67.1,735
9750,"10/8/2024",23,"Introvert",62.5,736
9751,"10/9/2024",59,"Introvert",71.9,737
9752,"10/9/2024",53,"Extrovert",46.1,738
9753,"10/9/2024",45,"Introvert",65.9,739
9754,"10/9/2024",21,"Extrovert",66.1,740
9755,"10/9/2024",43,"Introvert",72.6,741
9756,"10/9/2024",34,"Extrovert",71.2,742
9757,"10/9/2024",58,"Introvert",77.8,743
9758,"10/9/2024",31,"Introvert",85.2,744
9759,"10/9/2024",18,"Introvert",54.5,745
9760,"10/9/2024",23,"Introvert",86.2,746
9761,"10/9/2024",32,"Introvert",62.3,747
9762,"10/9/2024",36,"Introvert",59.7,748
9763,"10/9/2024",34,"Introvert",65.4,749
9764,"10/9/2024",54,"Introvert",79.6,750
9765,"10/9/2024",20,"Extrovert",91.6,751
9766,"10/9/2024",36,"Extrovert",82.9,752
9767,"10/9/2024",50,"Introvert",52.9,753
9768,"10/9/2024",26,"Introvert",45.2,754
9769,"10/9/2024",43,"Introvert",61.1,755
9770,"10/9/2024",39,"Introvert",59.6,756
9771,"10/9/2024",55,"Extrovert",81.7,757
9772,"10/9/2024",56,"Introvert",60.4,758
9773,"10/9/2024",57,"Extrovert",74.7,759
9774,"10/9/2024",27,"Introvert",79.3,760
9775,"10/9/2024",37,"Extrovert",59.6,761
9776,"10/9/2024",47,"Introvert",66.2,762
9777,"10/9/2024",37,"Extrovert",66.4,763
9778,"10/9/2024",26,"Introvert",80.4,764
9779,"10/9/2024",40,"Extrovert",87,765
9780,"10/9/2024",30,"Introvert",67.9,766
9781,"10/9/2024",37,"Introvert",62.6,767
9782,"10/9/2024",40,"Extrovert",58.8,768
9783,"10/9/2024",25,"Extrovert",58.4,769
9784,"10/9/2024",41,"Introvert",94.2,770
9785,"10/10/2024",28,"Extrovert",84.8,771
9786,"10/10/2024",50,"Extrovert",68.9,772
9787,"10/10/2024",28,"Extrovert",69.3,773
9788,"10/10/2024",36,"Extrovert",78.1,774
9789,"10/10/2024",19,"Introvert",84.8,775
9790,"10/10/2024",44,"Extrovert",46.1,776
9791,"10/10/2024",33,"Introvert",59.2,777
9792,"10/10/2024",48,"Introvert",46.2,778
9793,"10/10/2024",17,"Extrovert",79.2,779
9794,"10/10/2024",42,"Extrovert",60.4,780
9795,"10/10/2024",39,"Extrovert",76.4,781
9796,"10/10/2024",36,"Extrovert",69.2,782
9797,"10/10/2024",49,"Introvert",91.9,783
9798,"10/10/2024",38,"Introvert",93.3,784
9799,"10/10/2024",32,"Introvert",80.8,785
9800,"10/10/2024",48,"Introvert",71.2,786
9801,"10/10/2024",60,"Introvert",54.9,787
9802,"10/10/2024",27,"Introvert",65.7,788
9803,"10/10/2024",26,"Introvert",90.9,789
9804,"10/10/2024",59,"Introvert",54.4,790
9805,"10/10/2024",45,"Introvert",76.3,791
9806,"10/10/2024",29,"Extrovert",71.2,792
9807,"10/10/2024",52,"Introvert",78.5,793
9808,"10/10/2024",38,"Extrovert",59.3,794
9809,"10/10/2024",48,"Introvert",64.6,795
9810,"10/10/2024",29,"Introvert",77.8,796
9811,"10/10/2024",33,"Introvert",64.5,797
9812,"10/10/2024",19,"Introvert",68.6,798
9813,"10/10/2024",26,"Extrovert",69.6,799
9814,"10/10/2024",30,"Introvert",93.3,800
9815,"10/10/2024",43,"Introvert",91.5,801
9816,"10/10/2024",27,"Extrovert",75.7,802
9817,"10/10/2024",40,"Extrovert",59.3,803
9818,"10/10/2024",47,"Extrovert",66.9,804
9819,"10/10/2024",45,"Introvert",69.6,805
9820,"10/10/2024",59,"Extrovert",51.9,806
9821,"10/10/2024",22,"Introvert",73.6,807
9822,"10/10/2024",53,"Introvert",98.5,808
9823,"10/10/2024",22,"Introvert",54.4,809
9824,"10/10/2024",23,"Extrovert",73.3,810
9825,"10/11/2024",39,"Extrovert",63.6,811
9826,"10/11/2024",52,"Extrovert",66.7,812
9827,"10/11/2024",60,"Extrovert",86,813
9828,"10/11/2024",21,"Extrovert",60.2,814
9829,"10/11/2024",21,"Extrovert",66.6,815
9830,"10/11/2024",17,"Introvert",52.5,816
9831,"10/11/2024",30,"Introvert",78.2,817
9832,"10/11/2024",38,"Introvert",62.8,818
9833,"10/11/2024",36,"Introvert",73.9,819
9834,"10/11/2024",49,"Extrovert",83.4,820
9835,"10/11/2024",47,"Introvert",81.5,821
9836,"10/11/2024",45,"Introvert",69.4,822
9837,"10/11/2024",35,"Introvert",63.4,823
9838,"10/11/2024",36,"Introvert",54,824
9839,"10/11/2024",44,"Extrovert",54.2,825
9840,"10/11/2024",39,"Introvert",53.2,826
9841,"10/11/2024",54,"Introvert",62.2,827
9842,"10/11/2024",43,"Extrovert",50.4,828
9843,"10/11/2024",21,"Extrovert",63.9,829
9844,"10/11/2024",34,"Extrovert",78.3,830
9845,"10/11/2024",37,"Introvert",85.6,831
9846,"10/11/2024",60,"Extrovert",76.1,832
9847,"10/11/2024",51,"Introvert",67.1,833
9848,"10/11/2024",32,"Extrovert",47.6,834
9849,"10/11/2024",58,"Introvert",47.1,835
9850,"10/11/2024",30,"Introvert",50.2,836
9851,"10/11/2024",56,"Extrovert",100,837
9852,"10/11/2024",18,"Extrovert",88.3,838
9853,"10/11/2024",36,"Introvert",66.7,839
9854,"10/11/2024",30,"Introvert",70.5,840
9855,"10/11/2024",19,"Extrovert",55.5,841
9856,"10/11/2024",30,"Introvert",81.5,842
9857,"10/11/2024",18,"Extrovert",72,843
9858,"10/11/2024",35,"Extrovert",79.1,844
9859,"10/12/2024",43,"Extrovert",77,845
9860,"10/12/2024",44,"Introvert",62.6,846
9861,"10/12/2024",41,"Extrovert",88.2,847
9862,"10/12/2024",58,"Introvert",65.9,848
9863,"10/12/2024",31,"Extrovert",63.9,849
9864,"10/12/2024",43,"Extrovert",66,850
9865,"10/12/2024",39,"Introvert",66.6,851
9866,"10/12/2024",26,"Extrovert",58.5,852
9867,"10/12/2024",46,"Introvert",71.7,853
9868,"10/12/2024",29,"Extrovert",64.2,854
9869,"10/12/2024",34,"Extrovert",88.3,855
9870,"10/12/2024",28,"Extrovert",68.5,856
9871,"10/12/2024",36,"Introvert",80.6,857
9872,"10/12/2024",26,"Introvert",73.7,858
9873,"10/12/2024",29,"Introvert",44.4,859
9874,"10/12/2024",26,"Introvert",77.7,860
9875,"10/12/2024",57,"Introvert",85.5,861
9876,"10/12/2024",28,"Extrovert",52.2,862
9877,"10/12/2024",58,"Introvert",91.2,863
9878,"10/12/2024",32,"Extrovert",73.7,864
9879,"10/12/2024",47,"Introvert",70.4,865
9880,"10/12/2024",55,"Introvert",77.9,866
9881,"10/12/2024",56,"Extrovert",76.2,867
9882,"10/12/2024",54,"Introvert",56.2,868
9883,"10/12/2024",31,"Introvert",60,869
9884,"10/12/2024",34,"Introvert",73.9,870
9885,"10/12/2024",47,"Introvert",89.8,871
9886,"10/12/2024",56,"Extrovert",82.1,872
9887,"10/12/2024",22,"Extrovert",54.4,873
9888,"10/12/2024",18,"Introvert",66.9,874
9889,"10/12/2024",37,"Extrovert",76.9,875
9890,"10/12/2024",56,"Extrovert",97.6,876
9891,"10/12/2024",19,"Extrovert",72.7,877
9892,"10/12/2024",26,"Introvert",61.7,878
9893,"10/12/2024",21,"Introvert",84.3,879
9894,"10/12/2024",49,"Introvert",61.3,880
9895,"10/12/2024",42,"Introvert",70.8,881
9896,"10/13/2024",41,"Introvert",69.6,882
9897,"10/13/2024",22,"Introvert",80.9,883
9898,"10/13/2024",33,"Introvert",69.8,884
9899,"10/13/2024",44,"Extrovert",84.7,885
9900,"10/13/2024",57,"Extrovert",73.7,886
9901,"10/13/2024",30,"Introvert",73,887
9902,"10/13/2024",50,"Introvert",45.9,888
9903,"10/13/2024",21,"Extrovert",82.1,889
9904,"10/13/2024",48,"Introvert",61.2,890
9905,"10/13/2024",22,"Extrovert",48.3,891
9906,"10/13/2024",49,"Extrovert",59.5,892
9907,"10/13/2024",60,"Introvert",66.5,893
9908,"10/13/2024",23,"Extrovert",60.2,894
9909,"10/13/2024",17,"Extrovert",74.1,895
9910,"10/13/2024",21,"Introvert",60.7,896
9911,"10/13/2024",26,"Extrovert",71.1,897
9912,"10/13/2024",33,"Extrovert",71.1,898
9913,"10/13/2024",25,"Extrovert",71.8,899
9914,"10/13/2024",40,"Extrovert",66.3,900
9915,"10/13/2024",45,"Introvert",76,901
9916,"10/13/2024",40,"Extrovert",59,902
9917,"10/13/2024",47,"Extrovert",67.8,903
9918,"10/13/2024",49,"Extrovert",72.2,904
9919,"10/13/2024",25,"Introvert",44.8,905
9920,"10/13/2024",49,"Introvert",65.9,906
9921,"10/13/2024",33,"Introvert",80.4,907
9922,"10/13/2024",59,"Extrovert",66.8,908
9923,"10/13/2024",56,"Extrovert",68.8,909
9924,"10/13/2024",42,"Introvert",65.6,910
9925,"10/13/2024",17,"Introvert",53,911
9926,"10/13/2024",27,"Extrovert",80.1,912
9927,"10/13/2024",39,"Extrovert",67,913
9928,"10/13/2024",40,"Extrovert",46.2,914
9929,"10/13/2024",23,"Extrovert",65,915
9930,"10/13/2024",39,"Introvert",68,916
9931,"10/13/2024",29,"Extrovert",86.1,917
9932,"10/14/2024",57,"Introvert",60.6,918
9933,"10/14/2024",48,"Extrovert",59.7,919
9934,"10/14/2024",18,"Introvert",53.6,920
9935,"10/14/2024",48,"Extrovert",57.4,921
9936,"10/14/2024",24,"Introvert",47.4,922
9937,"10/14/2024",53,"Extrovert",68.2,923
9938,"10/14/2024",59,"Introvert",57.3,924
9939,"10/14/2024",46,"Introvert",82.6,925
9940,"10/14/2024",34,"Introvert",90.4,926
9941,"10/14/2024",34,"Extrovert",51.1,927
9942,"10/14/2024",17,"Introvert",60.3,928
9943,"10/14/2024",59,"Introvert",81.3,929
9944,"10/14/2024",54,"Extrovert",69.7,930
9945,"10/14/2024",43,"Introvert",58.6,931
9946,"10/14/2024",59,"Extrovert",92.3,932
9947,"10/14/2024",18,"Introvert",32.4,933
9948,"10/14/2024",56,"Extrovert",68.6,934
9949,"10/14/2024",39,"Introvert",75.4,935
9950,"10/14/2024",19,"Introvert",88.3,936
9951,"10/14/2024",39,"Introvert",75.3,937
9952,"10/14/2024",57,"Introvert",60.4,938
9953,"10/14/2024",24,"Extrovert",43.6,939
9954,"10/14/2024",35,"Introvert",61.1,940
9955,"10/14/2024",42,"Introvert",65.5,941
9956,"10/14/2024",57,"Introvert",84.4,942
9957,"10/14/2024",43,"Extrovert",63.9,943
9958,"10/14/2024",53,"Introvert",51.6,944
9959,"10/14/2024",43,"Introvert",68.2,945
9960,"10/14/2024",25,"Introvert",93.9,946
9961,"10/14/2024",30,"Extrovert",70,947
9962,"10/14/2024",21,"Introvert",44.6,948
9963,"10/14/2024",17,"Introvert",49.1,949
9964,"10/14/2024",46,"Extrovert",79.3,950
9965,"10/14/2024",59,"Extrovert",71.6,951
9966,"10/14/2024",28,"Introvert",75,952
9967,"10/14/2024",19,"Introvert",64.5,953
9968,"10/14/2024",25,"Introvert",40.9,954
9969,"10/14/2024",17,"Introvert",91.6,955
9970,"10/15/2024",33,"Extrovert",74.2,956
9971,"10/15/2024",43,"Introvert",80,957
9972,"10/15/2024",29,"Introvert",76.8,958
9973,"10/15/2024",48,"Introvert",52.3,959
9974,"10/15/2024",56,"Introvert",65,960
9975,"10/15/2024",25,"Extrovert",68.8,961
9976,"10/15/2024",31,"Extrovert",68.3,962
9977,"10/15/2024",32,"Extrovert",71.7,963
9978,"10/15/2024",56,"Introvert",74,964
9979,"10/15/2024",17,"Introvert",58.3,965
9980,"10/15/2024",21,"Introvert",83.3,966
9981,"10/15/2024",35,"Extrovert",65.1,967
9982,"10/15/2024",51,"Introvert",100,968
9983,"10/15/2024",22,"Extrovert",68.3,969
9984,"10/15/2024",21,"Introvert",89.8,970
9985,"10/15/2024",46,"Extrovert",65.8,971
9986,"10/15/2024",16,"Extrovert",56.2,972
9987,"10/15/2024",51,"Introvert",58,973
9988,"10/15/2024",24,"Introvert",63.1,974
9989,"10/15/2024",42,"Introvert",54.3,975
9990,"10/15/2024",59,"Introvert",79,976
9991,"10/15/2024",59,"Extrovert",93.5,977
9992,"10/15/2024",36,"Introvert",66.1,978
9993,"10/15/2024",58,"Introvert",75.7,979
9994,"10/16/2024",36,"Extrovert",77.6,980
9995,"10/16/2024",17,"Introvert",86.4,981
9996,"10/16/2024",37,"Introvert",39.3,982
9997,"10/16/2024",21,"Extrovert",71,983
9998,"10/16/2024",37,"Introvert",73,984
9999,"10/16/2024",28,"Introvert",68.6,985
10000,"10/16/2024",57,"Introvert",76.5,986
10001,"10/16/2024",32,"Extrovert",69.2,987
10002,"10/16/2024",25,"Introvert",65.5,988
10003,"10/16/2024",48,"Introvert",87.3,989
10004,"10/16/2024",41,"Introvert",89.5,990
10005,"10/16/2024",57,"Extrovert",90.5,991
10006,"10/16/2024",41,"Introvert",64.9,992
10007,"10/16/2024",35,"Extrovert",64,993
10008,"10/16/2024",16,"Introvert",79.8,994
10009,"10/16/2024",24,"Introvert",67.6,995
10010,"10/16/2024",42,"Introvert",79.6,996
10011,"10/16/2024",20,"Introvert",67.9,997
10012,"10/16/2024",22,"Introvert",74.3,998
10013,"10/16/2024",27,"Introvert",85.5,999
10014,"10/16/2024",47,"Introvert",78,1000
10015,"10/16/2024",49,"Extrovert",79.9,1001
10016,"10/16/2024",45,"Extrovert",62.4,1002
10017,"10/16/2024",43,"Extrovert",70.1,1003
10018,"10/16/2024",32,"Introvert",86.9,1004
10019,"10/16/2024",53,"Introvert",85,1005
10020,"10/16/2024",42,"Extrovert",78.7,1006
10021,"10/16/2024",29,"Extrovert",68.3,1007
10022,"10/16/2024",19,"Introvert",74.5,1008
10023,"10/16/2024",58,"Introvert",93.4,1009
